{
  "project_info": {
    "project_number": "551928276160",
    "project_id": "expense-manager-94fa2",
    "storage_bucket": "expense-manager-94fa2.appspot.com"
  },
  "client": [
    {
      "client_info": {
        "mobilesdk_app_id": "1:551928276160:android:a3acadf829cef381cf7925",
        "android_client_info": {
          "package_name": "com.example.expensemanager"
        }
      },
      "oauth_client": [],
      "api_key": [
        {
          "current_key": "AIzaSyDzNfNcltRqTcUEix3asOul-19QpoBuZD0"
        }
      ],
      "services": {
        "appinvite_service": {
          "other_platform_oauth_client": []
        }
      }
    }
  ],
  "configuration_version": "1"
}